-- --------------
-- 初始化admin数据
-- --------------


-- 默认账号admin  密码123456
INSERT INTO `cs_admin`.`base_user`(`id`, `username`, `password`, `name`, `user_sex`, `portrait`, `birthday`, `address`, `mobile_phone`, `tel_phone`, `user_email`, `description`, `is_deleted`, `is_disabled`, `is_super_admin`, `create_time`, `create_user_id`, `create_user_name`, `update_time`, `update_user_id`, `update_user_name`, `tenant_id`) VALUES ('1', 'admin', '8d969eef6ecad3c29a3a629280e686cf0c3f5d5a86aff3ca12020c923adc6c92', '超级管理员', 0, NULL, NULL, NULL, NULL, NULL, NULL, NULL, 0, 0, 1, '2020-07-21 22:57:07', '1', '超级管理员', '2020-07-21 22:56:59', '1', '超级管理员', '1');


INSERT INTO `cs_admin`.`base_dept`(`id`, `parent_id`, `dept_name`, `dept_code`, `description`, `is_deleted`, `create_time`, `create_user_id`, `create_user_name`, `update_time`, `update_user_id`, `update_user_name`, `tenant_id`) VALUES ('0aa8c2a89da143fbbcb5ffbec1c0fc2a', 'root', '测试部门', 'test', NULL, 0, '2019-12-23 05:36:37', '1', '超级管理员', '2019-12-23 05:38:58', '1', '超级管理员', '1');


INSERT INTO `cs_admin`.`sys_dict_type`(`id`, `dict_type_code`, `dict_type_name`, `parent_id`, `order_num`, `description`, `is_deleted`, `create_time`, `create_user_id`, `create_user_name`, `update_time`, `update_user_id`, `update_user_name`, `tenant_id`) VALUES ('1', 'root', '数据字典', '-1', 1, NULL, 0, '2019-10-24 18:21:00', '1', '1', '2019-10-24 18:20:56', '1', '1', NULL);
INSERT INTO `cs_admin`.`sys_dict_type`(`id`, `dict_type_code`, `dict_type_name`, `parent_id`, `order_num`, `description`, `is_deleted`, `create_time`, `create_user_id`, `create_user_name`, `update_time`, `update_user_id`, `update_user_name`, `tenant_id`) VALUES ('2', 'root_biz_sex', '性别', '1', 1, NULL, 0, '2019-10-30 08:47:07', '1', 'admin', '2020-01-03 03:51:00', '2', '测试用户', '1');


INSERT INTO `cs_admin`.`sys_dict_value`(`id`, `type_id`, `dict_code`, `dict_title`, `order_num`, `description`, `is_deleted`, `create_time`, `create_user_id`, `create_user_name`, `update_time`, `update_user_id`, `update_user_name`, `tenant_id`) VALUES ('62e80bb0c9c9485bbd38778bcb08069a', '2', 'root_biz_sex_nv', '女', 1, '女', 0, '2019-10-10 13:02:00', '1', 'admin', '2019-10-10 13:05:15', '1', 'admin', NULL);
INSERT INTO `cs_admin`.`sys_dict_value`(`id`, `type_id`, `dict_code`, `dict_title`, `order_num`, `description`, `is_deleted`, `create_time`, `create_user_id`, `create_user_name`, `update_time`, `update_user_id`, `update_user_name`, `tenant_id`) VALUES ('e03e27f61b9d463fab0dd01a171a9668', '2', 'root_biz_sex_nan', '男', 1, '男', 0, '2019-10-10 12:38:11', '1', 'admin', '2019-10-10 12:39:53', '1', 'admin', NULL);


INSERT INTO `cs_admin`.`sys_menu`(`id`, `parent_id`, `menu_type`, `menu_code`, `menu_title`, `menu_icon`, `menu_path`, `component`, `redirect`, `order_num`, `description`, `hidden`, `is_deleted`, `create_time`, `create_user_id`, `create_user_name`, `update_time`, `update_user_id`, `update_user_name`, `tenant_id`) VALUES ('01549dbf3c6542b99c7559f5d2883bdc', '80e863628d5f453981dcbb853a3ef953', 1, 'sysMenu', '菜单管理', NULL, 'sysMenu', '/system/sys/menu/index', NULL, 3, '菜单管理', 0, 0, '2019-10-26 13:57:33', '1', 'admin', '2019-12-09 05:31:25', '1', 'admin', '1');
INSERT INTO `cs_admin`.`sys_menu`(`id`, `parent_id`, `menu_type`, `menu_code`, `menu_title`, `menu_icon`, `menu_path`, `component`, `redirect`, `order_num`, `description`, `hidden`, `is_deleted`, `create_time`, `create_user_id`, `create_user_name`, `update_time`, `update_user_id`, `update_user_name`, `tenant_id`) VALUES ('1422833c6ab044f5b89261bace41ad45', '21bfe17560284601a7c1b88d6b01f607', 1, 'dashboard', '仪表板', '', 'dashboard', '/center/dashboard/index', NULL, 1, '个人主页', 0, 0, '2019-11-17 12:04:31', '1', 'admin', '2019-12-02 13:37:39', '1', 'admin', '1');
INSERT INTO `cs_admin`.`sys_menu`(`id`, `parent_id`, `menu_type`, `menu_code`, `menu_title`, `menu_icon`, `menu_path`, `component`, `redirect`, `order_num`, `description`, `hidden`, `is_deleted`, `create_time`, `create_user_id`, `create_user_name`, `update_time`, `update_user_id`, `update_user_name`, `tenant_id`) VALUES ('21bfe17560284601a7c1b88d6b01f607', 'root', 0, 'center', '个人中心', 'dashboard', '/center', NULL, '/center/dashboard', 1, '个人中心', 0, 0, '2019-10-20 01:05:47', '1', 'admin', '2019-11-28 09:25:46', '1', 'admin', '1');
INSERT INTO `cs_admin`.`sys_menu`(`id`, `parent_id`, `menu_type`, `menu_code`, `menu_title`, `menu_icon`, `menu_path`, `component`, `redirect`, `order_num`, `description`, `hidden`, `is_deleted`, `create_time`, `create_user_id`, `create_user_name`, `update_time`, `update_user_id`, `update_user_name`, `tenant_id`) VALUES ('224767b51e954e3299a49a92913c3128', '80e863628d5f4539814cbb853a3ef953', 1, 'deptUser', '部门用户', NULL, 'deptUser', '/system/base/deptUser/index', NULL, 3, NULL, 0, 0, '2019-12-15 13:16:20', '1', '超级管理员', '2020-01-03 03:07:08', '1', '超级管理员', '1');
INSERT INTO `cs_admin`.`sys_menu`(`id`, `parent_id`, `menu_type`, `menu_code`, `menu_title`, `menu_icon`, `menu_path`, `component`, `redirect`, `order_num`, `description`, `hidden`, `is_deleted`, `create_time`, `create_user_id`, `create_user_name`, `update_time`, `update_user_id`, `update_user_name`, `tenant_id`) VALUES ('49992d462a004f6d95d53a6e95fa6071', '80e863628d5f453981dcbb853a3ef953', 1, 'sysRole', '角色管理', NULL, 'sysRole', '/system/sys/role/index', NULL, 4, '角色管理', 0, 0, '2019-10-26 13:58:05', '1', 'admin', '2019-12-09 05:31:30', '1', 'admin', '1');
INSERT INTO `cs_admin`.`sys_menu`(`id`, `parent_id`, `menu_type`, `menu_code`, `menu_title`, `menu_icon`, `menu_path`, `component`, `redirect`, `order_num`, `description`, `hidden`, `is_deleted`, `create_time`, `create_user_id`, `create_user_name`, `update_time`, `update_user_id`, `update_user_name`, `tenant_id`) VALUES ('49f5a59dfe5a4f22832052e7ad0b9f48', '80e863628d5f453981dcbb853a3ef953', 1, 'swagger', '接口文档', NULL, 'swagger', '/system/sys/swagger/index', NULL, 6, '接口文档', 0, 0, '2019-10-26 13:58:28', '1', 'admin', '2019-12-07 12:32:22', 'f47e1a6da8bd4976a8faa4fe5124a6b7', '陈帅', '1');
INSERT INTO `cs_admin`.`sys_menu`(`id`, `parent_id`, `menu_type`, `menu_code`, `menu_title`, `menu_icon`, `menu_path`, `component`, `redirect`, `order_num`, `description`, `hidden`, `is_deleted`, `create_time`, `create_user_id`, `create_user_name`, `update_time`, `update_user_id`, `update_user_name`, `tenant_id`) VALUES ('5ed6df281aa2492cb9f026bc393db58d', '80e863628d5f4539814cbb853a3ef953', 1, 'baseUser', '用户管理', NULL, 'baseUser', '/system/base/user/index', NULL, 1, '角色管理', 0, 0, '2019-11-17 12:13:14', '1', 'admin', '2019-11-28 02:48:53', '1', 'admin', '1');
INSERT INTO `cs_admin`.`sys_menu`(`id`, `parent_id`, `menu_type`, `menu_code`, `menu_title`, `menu_icon`, `menu_path`, `component`, `redirect`, `order_num`, `description`, `hidden`, `is_deleted`, `create_time`, `create_user_id`, `create_user_name`, `update_time`, `update_user_id`, `update_user_name`, `tenant_id`) VALUES ('80e863628d5f4539814cbb853a3ef953', 'root', 0, 'base', '系统管理', 'example', '/base', NULL, '/system/sysDict', 2, '系统配置中心', 0, 0, '2019-10-26 13:56:24', '1', 'admin', '2019-11-18 01:49:43', '1', 'admin', '1');
INSERT INTO `cs_admin`.`sys_menu`(`id`, `parent_id`, `menu_type`, `menu_code`, `menu_title`, `menu_icon`, `menu_path`, `component`, `redirect`, `order_num`, `description`, `hidden`, `is_deleted`, `create_time`, `create_user_id`, `create_user_name`, `update_time`, `update_user_id`, `update_user_name`, `tenant_id`) VALUES ('80e863628d5f453981dcbb853a3ef953', 'root', 0, 'system', '系统配置管理', 'component', '/system', NULL, '/system/sysDict', 2, '系统配置中心', 0, 0, '2019-10-26 13:56:24', '1', 'admin', '2019-11-18 01:49:43', '1', 'admin', '1');
INSERT INTO `cs_admin`.`sys_menu`(`id`, `parent_id`, `menu_type`, `menu_code`, `menu_title`, `menu_icon`, `menu_path`, `component`, `redirect`, `order_num`, `description`, `hidden`, `is_deleted`, `create_time`, `create_user_id`, `create_user_name`, `update_time`, `update_user_id`, `update_user_name`, `tenant_id`) VALUES ('a1a70a12612d4330b01268ba4f63e068', '21bfe17560284601a7c1b88d6b01f607', 1, 'centerPersonal', '个人信息', '', 'personal', '/center/personal/index', '', 2, '系统配置中心', 0, 0, '2019-12-02 13:35:38', '1', 'admin', '2019-12-02 13:41:21', '1', 'admin', '1');
INSERT INTO `cs_admin`.`sys_menu`(`id`, `parent_id`, `menu_type`, `menu_code`, `menu_title`, `menu_icon`, `menu_path`, `component`, `redirect`, `order_num`, `description`, `hidden`, `is_deleted`, `create_time`, `create_user_id`, `create_user_name`, `update_time`, `update_user_id`, `update_user_name`, `tenant_id`) VALUES ('a789477a626041bd86aecbd2ae995d16', '80e863628d5f453981dcbb853a3ef953', 1, 'sysDict', '数据字典', NULL, 'sysDict', '/system/sys/dict/index', NULL, 3, '数据字典', 0, 0, '2019-10-26 13:57:47', '1', 'admin', '2019-11-17 12:12:07', '1', 'admin', '1');
INSERT INTO `cs_admin`.`sys_menu`(`id`, `parent_id`, `menu_type`, `menu_code`, `menu_title`, `menu_icon`, `menu_path`, `component`, `redirect`, `order_num`, `description`, `hidden`, `is_deleted`, `create_time`, `create_user_id`, `create_user_name`, `update_time`, `update_user_id`, `update_user_name`, `tenant_id`) VALUES ('aeae8c48610543cbb3351797c9bdd1c4', '80e863628d5f453981dcbb853a3ef953', 1, 'sysTenant', '租户管理', NULL, 'sysTenant', '/system/sys/tenant/index', NULL, 5, '租户管理', 0, 0, '2019-10-26 13:58:15', '1', 'admin', '2019-11-17 12:12:50', '1', 'admin', '1');
INSERT INTO `cs_admin`.`sys_menu`(`id`, `parent_id`, `menu_type`, `menu_code`, `menu_title`, `menu_icon`, `menu_path`, `component`, `redirect`, `order_num`, `description`, `hidden`, `is_deleted`, `create_time`, `create_user_id`, `create_user_name`, `update_time`, `update_user_id`, `update_user_name`, `tenant_id`) VALUES ('d273f2b2f3cf4bfebb487a0634612904', '80e863628d5f4539814cbb853a3ef953', 1, 'baseDept', '部门管理', '', 'baseDept', '/system/base/dept/index', NULL, 2, NULL, 0, 0, '2019-12-06 01:48:33', '1', 'admin', '2019-12-06 21:06:03', '1', 'admin', '1');


INSERT INTO `cs_admin`.`sys_menu_button`(`id`, `menu_id`, `button_code`, `button_title`, `url`, `method`, `is_deleted`, `description`, `create_time`, `create_user_id`, `create_user_name`, `update_time`, `update_user_id`, `update_user_name`, `tenant_id`) VALUES (7, '5ed6df281aa2492cb9f026bc393db58d', 'addUser', '添加用户', '/api/admin/baseUsers', 'POST', 0, '添加单个用户', '2019-11-28 02:41:18', '1', 'admin', '2019-12-08 04:02:44', '1', 'admin', NULL);
INSERT INTO `cs_admin`.`sys_menu_button`(`id`, `menu_id`, `button_code`, `button_title`, `url`, `method`, `is_deleted`, `description`, `create_time`, `create_user_id`, `create_user_name`, `update_time`, `update_user_id`, `update_user_name`, `tenant_id`) VALUES (8, '5ed6df281aa2492cb9f026bc393db58d', 'delUser', '删除用户', '/api/admin/baseUsers/*', 'DELETE', 0, '删除单个用户', '2019-11-28 02:43:19', '1', 'admin', '2019-12-08 04:02:35', '1', 'admin', NULL);
INSERT INTO `cs_admin`.`sys_menu_button`(`id`, `menu_id`, `button_code`, `button_title`, `url`, `method`, `is_deleted`, `description`, `create_time`, `create_user_id`, `create_user_name`, `update_time`, `update_user_id`, `update_user_name`, `tenant_id`) VALUES (9, '5ed6df281aa2492cb9f026bc393db58d', 'upUser', '更新用户', '/api/admin/baseUsers/*', 'PUT', 0, '更新单个用户', '2019-11-28 02:45:06', '1', 'admin', '2019-12-08 04:02:23', '1', 'admin', NULL);
INSERT INTO `cs_admin`.`sys_menu_button`(`id`, `menu_id`, `button_code`, `button_title`, `url`, `method`, `is_deleted`, `description`, `create_time`, `create_user_id`, `create_user_name`, `update_time`, `update_user_id`, `update_user_name`, `tenant_id`) VALUES (10, '5ed6df281aa2492cb9f026bc393db58d', 'userList', '用户列表', '/api/admin/baseUsers*', 'GET', 0, '用户列表', '2019-11-28 02:46:25', '1', 'admin', '2020-01-03 02:22:45', '1', '超级管理员', NULL);
INSERT INTO `cs_admin`.`sys_menu_button`(`id`, `menu_id`, `button_code`, `button_title`, `url`, `method`, `is_deleted`, `description`, `create_time`, `create_user_id`, `create_user_name`, `update_time`, `update_user_id`, `update_user_name`, `tenant_id`) VALUES (11, '5ed6df281aa2492cb9f026bc393db58d', 'getUser', '查询用户', '/api/admin/baseUsers/**', 'GET', 0, '查询单个用户', '2019-12-08 04:02:05', '1', 'admin', '2020-01-03 03:02:07', '1', '超级管理员', NULL);
INSERT INTO `cs_admin`.`sys_menu_button`(`id`, `menu_id`, `button_code`, `button_title`, `url`, `method`, `is_deleted`, `description`, `create_time`, `create_user_id`, `create_user_name`, `update_time`, `update_user_id`, `update_user_name`, `tenant_id`) VALUES (12, '5ed6df281aa2492cb9f026bc393db58d', 'baseUserInfo', '用户基本信息', '/api/admin/baseUsers/info', 'GET', 0, '获取用户基本信息', '2019-12-08 10:19:17', '1', 'admin', '2019-12-08 10:19:17', '1', 'admin', NULL);
INSERT INTO `cs_admin`.`sys_menu_button`(`id`, `menu_id`, `button_code`, `button_title`, `url`, `method`, `is_deleted`, `description`, `create_time`, `create_user_id`, `create_user_name`, `update_time`, `update_user_id`, `update_user_name`, `tenant_id`) VALUES (13, '5ed6df281aa2492cb9f026bc393db58d', 'baseUserPermission', '用户权限', '/api/admin/baseUsers/permission', 'GET', 0, '用户权限', '2019-12-08 10:20:23', '1', 'admin', '2019-12-08 10:20:23', '1', 'admin', NULL);
INSERT INTO `cs_admin`.`sys_menu_button`(`id`, `menu_id`, `button_code`, `button_title`, `url`, `method`, `is_deleted`, `description`, `create_time`, `create_user_id`, `create_user_name`, `update_time`, `update_user_id`, `update_user_name`, `tenant_id`) VALUES (14, '5ed6df281aa2492cb9f026bc393db58d', 'upUserRole', '更新角色', '/api/admin/baseUsers/*/role', 'PUT', 0, '用户角色', '2019-12-25 06:00:24', '1', '超级管理员', '2020-01-03 02:15:19', '1', '超级管理员', NULL);
INSERT INTO `cs_admin`.`sys_menu_button`(`id`, `menu_id`, `button_code`, `button_title`, `url`, `method`, `is_deleted`, `description`, `create_time`, `create_user_id`, `create_user_name`, `update_time`, `update_user_id`, `update_user_name`, `tenant_id`) VALUES (15, 'a1a70a12612d4330b01268ba4f63e068', 'upPassword', '修改密码', '/api/admin/baseUsers/password', 'PUT', 0, '个人中心修改密码', '2020-01-02 06:54:02', '1', '超级管理员', '2020-01-02 06:54:02', '1', '超级管理员', NULL);
INSERT INTO `cs_admin`.`sys_menu_button`(`id`, `menu_id`, `button_code`, `button_title`, `url`, `method`, `is_deleted`, `description`, `create_time`, `create_user_id`, `create_user_name`, `update_time`, `update_user_id`, `update_user_name`, `tenant_id`) VALUES (16, '49992d462a004f6d95d53a6e95fa6071', 'roleTree', '角色列表树', '/api/admin/sysRoles/tree', 'GET', 0, '角色列表树', '2020-01-02 07:51:53', '1', '超级管理员', '2020-01-02 07:51:53', '1', '超级管理员', NULL);
INSERT INTO `cs_admin`.`sys_menu_button`(`id`, `menu_id`, `button_code`, `button_title`, `url`, `method`, `is_deleted`, `description`, `create_time`, `create_user_id`, `create_user_name`, `update_time`, `update_user_id`, `update_user_name`, `tenant_id`) VALUES (17, '5ed6df281aa2492cb9f026bc393db58d', 'getUserRole', '查询用户角色', '/api/admin/baseUsers/*/role', 'GET', 0, NULL, '2020-01-03 02:15:51', '1', '超级管理员', '2020-01-03 02:15:51', '1', '超级管理员', NULL);
INSERT INTO `cs_admin`.`sys_menu_button`(`id`, `menu_id`, `button_code`, `button_title`, `url`, `method`, `is_deleted`, `description`, `create_time`, `create_user_id`, `create_user_name`, `update_time`, `update_user_id`, `update_user_name`, `tenant_id`) VALUES (18, 'd273f2b2f3cf4bfebb487a0634612904', 'deptTree', '部门列表树', '/api/admin/baseDepts/tree*', 'GET', 0, '部门列表树', '2020-01-03 02:43:47', '1', '超级管理员', '2020-01-03 02:43:47', '1', '超级管理员', NULL);
INSERT INTO `cs_admin`.`sys_menu_button`(`id`, `menu_id`, `button_code`, `button_title`, `url`, `method`, `is_deleted`, `description`, `create_time`, `create_user_id`, `create_user_name`, `update_time`, `update_user_id`, `update_user_name`, `tenant_id`) VALUES (19, 'd273f2b2f3cf4bfebb487a0634612904', 'addDept', '添加部门', '/api/admin/baseDepts', 'POST', 0, '', '2020-01-03 02:46:35', '1', '超级管理员', '2020-01-03 02:53:41', '1', '超级管理员', NULL);
INSERT INTO `cs_admin`.`sys_menu_button`(`id`, `menu_id`, `button_code`, `button_title`, `url`, `method`, `is_deleted`, `description`, `create_time`, `create_user_id`, `create_user_name`, `update_time`, `update_user_id`, `update_user_name`, `tenant_id`) VALUES (20, 'd273f2b2f3cf4bfebb487a0634612904', 'getDept', '查询部门', '/api/admin/baseDepts/*', 'GET', 0, '单个部门查询', '2020-01-03 02:47:24', '1', '超级管理员', '2020-01-03 02:47:30', '1', '超级管理员', NULL);
INSERT INTO `cs_admin`.`sys_menu_button`(`id`, `menu_id`, `button_code`, `button_title`, `url`, `method`, `is_deleted`, `description`, `create_time`, `create_user_id`, `create_user_name`, `update_time`, `update_user_id`, `update_user_name`, `tenant_id`) VALUES (21, 'd273f2b2f3cf4bfebb487a0634612904', 'delDept', '删除部门', '/api/admin/baseDepts/*', 'DELETE', 0, NULL, '2020-01-03 02:47:59', '1', '超级管理员', '2020-01-03 02:55:01', '1', '超级管理员', NULL);
INSERT INTO `cs_admin`.`sys_menu_button`(`id`, `menu_id`, `button_code`, `button_title`, `url`, `method`, `is_deleted`, `description`, `create_time`, `create_user_id`, `create_user_name`, `update_time`, `update_user_id`, `update_user_name`, `tenant_id`) VALUES (22, 'd273f2b2f3cf4bfebb487a0634612904', 'upDept', '更新部门', '/api/admin/baseDepts/*', 'PUT', 0, NULL, '2020-01-03 02:50:53', '1', '超级管理员', '2020-01-03 02:54:57', '1', '超级管理员', NULL);
INSERT INTO `cs_admin`.`sys_menu_button`(`id`, `menu_id`, `button_code`, `button_title`, `url`, `method`, `is_deleted`, `description`, `create_time`, `create_user_id`, `create_user_name`, `update_time`, `update_user_id`, `update_user_name`, `tenant_id`) VALUES (23, '224767b51e954e3299a49a92913c3128', 'getDeptUser', '部门用户列表', '/api/admin/baseUsers/deptCode/**', 'GET', 0, '部门对应的用户列表', '2020-01-03 03:00:16', '1', '超级管理员', '2020-01-03 03:00:16', '1', '超级管理员', NULL);
INSERT INTO `cs_admin`.`sys_menu_button`(`id`, `menu_id`, `button_code`, `button_title`, `url`, `method`, `is_deleted`, `description`, `create_time`, `create_user_id`, `create_user_name`, `update_time`, `update_user_id`, `update_user_name`, `tenant_id`) VALUES (24, '224767b51e954e3299a49a92913c3128', 'upDeptUser', '更新部门用户', '/api/admin/baseDepts/deptUsers/*', 'PUT', 0, '更新部门用户关系', '2020-01-03 03:03:20', '1', '超级管理员', '2020-01-03 03:04:24', '1', '超级管理员', NULL);
INSERT INTO `cs_admin`.`sys_menu_button`(`id`, `menu_id`, `button_code`, `button_title`, `url`, `method`, `is_deleted`, `description`, `create_time`, `create_user_id`, `create_user_name`, `update_time`, `update_user_id`, `update_user_name`, `tenant_id`) VALUES (25, '224767b51e954e3299a49a92913c3128', 'delDeptUser', '删除部门用户', '/api/admin/baseDepts/deptUsers/*/userId/*', 'DELETE', 0, '删除部门用户关系', '2020-01-03 03:05:00', '1', '超级管理员', '2020-01-03 03:05:05', '1', '超级管理员', NULL);
INSERT INTO `cs_admin`.`sys_menu_button`(`id`, `menu_id`, `button_code`, `button_title`, `url`, `method`, `is_deleted`, `description`, `create_time`, `create_user_id`, `create_user_name`, `update_time`, `update_user_id`, `update_user_name`, `tenant_id`) VALUES (26, '01549dbf3c6542b99c7559f5d2883bdc', 'getMenuTree', '菜单树列表', '/api/admin/sysMenus/tree*', 'GET', 0, NULL, '2020-01-03 03:11:14', '1', '超级管理员', '2020-01-03 03:11:35', '1', '超级管理员', NULL);
INSERT INTO `cs_admin`.`sys_menu_button`(`id`, `menu_id`, `button_code`, `button_title`, `url`, `method`, `is_deleted`, `description`, `create_time`, `create_user_id`, `create_user_name`, `update_time`, `update_user_id`, `update_user_name`, `tenant_id`) VALUES (27, '01549dbf3c6542b99c7559f5d2883bdc', 'addMenu', '添加菜单', '/api/admin/sysMenus', 'POST', 0, NULL, '2020-01-03 03:13:00', '1', '超级管理员', '2020-01-03 03:13:41', '1', '超级管理员', NULL);
INSERT INTO `cs_admin`.`sys_menu_button`(`id`, `menu_id`, `button_code`, `button_title`, `url`, `method`, `is_deleted`, `description`, `create_time`, `create_user_id`, `create_user_name`, `update_time`, `update_user_id`, `update_user_name`, `tenant_id`) VALUES (28, '01549dbf3c6542b99c7559f5d2883bdc', 'getMenu', '查询菜单', '/api/admin/sysMenus/**', 'GET', 0, NULL, '2020-01-03 03:13:25', '1', '超级管理员', '2020-01-03 03:14:43', '1', '超级管理员', NULL);
INSERT INTO `cs_admin`.`sys_menu_button`(`id`, `menu_id`, `button_code`, `button_title`, `url`, `method`, `is_deleted`, `description`, `create_time`, `create_user_id`, `create_user_name`, `update_time`, `update_user_id`, `update_user_name`, `tenant_id`) VALUES (29, '01549dbf3c6542b99c7559f5d2883bdc', 'delMenu', '删除菜单', '/api/admin/sysMenus/*', 'DELETE', 0, NULL, '2020-01-03 03:14:59', '1', '超级管理员', '2020-01-03 03:14:59', '1', '超级管理员', NULL);
INSERT INTO `cs_admin`.`sys_menu_button`(`id`, `menu_id`, `button_code`, `button_title`, `url`, `method`, `is_deleted`, `description`, `create_time`, `create_user_id`, `create_user_name`, `update_time`, `update_user_id`, `update_user_name`, `tenant_id`) VALUES (30, '01549dbf3c6542b99c7559f5d2883bdc', 'menuButtonList', '菜单按钮列表', '/api/admin/sysMenuButtons*', 'GET', 0, '查询菜单按钮列表', '2020-01-03 03:17:17', '1', '超级管理员', '2020-01-03 03:44:29', '1', '超级管理员', NULL);
INSERT INTO `cs_admin`.`sys_menu_button`(`id`, `menu_id`, `button_code`, `button_title`, `url`, `method`, `is_deleted`, `description`, `create_time`, `create_user_id`, `create_user_name`, `update_time`, `update_user_id`, `update_user_name`, `tenant_id`) VALUES (31, '01549dbf3c6542b99c7559f5d2883bdc', 'upMenu', '更新菜单', '/api/admin/sysMenus/*', 'PUT', 0, NULL, '2020-01-03 03:16:10', '1', '超级管理员', '2020-01-03 03:16:10', '1', '超级管理员', NULL);
INSERT INTO `cs_admin`.`sys_menu_button`(`id`, `menu_id`, `button_code`, `button_title`, `url`, `method`, `is_deleted`, `description`, `create_time`, `create_user_id`, `create_user_name`, `update_time`, `update_user_id`, `update_user_name`, `tenant_id`) VALUES (32, '01549dbf3c6542b99c7559f5d2883bdc', 'addMenuButton', '添加菜单按钮', '/api/admin/sysMenuButtons', 'POST', 0, NULL, '2020-01-03 03:34:55', '1', '超级管理员', '2020-01-03 03:34:55', '1', '超级管理员', NULL);
INSERT INTO `cs_admin`.`sys_menu_button`(`id`, `menu_id`, `button_code`, `button_title`, `url`, `method`, `is_deleted`, `description`, `create_time`, `create_user_id`, `create_user_name`, `update_time`, `update_user_id`, `update_user_name`, `tenant_id`) VALUES (33, '01549dbf3c6542b99c7559f5d2883bdc', 'upMenuButton', '更新菜单按钮', '/api/admin/sysMenuButtons/*', 'PUT', 0, NULL, '2020-01-03 03:36:10', '1', '超级管理员', '2020-01-03 03:43:14', '1', '超级管理员', NULL);
INSERT INTO `cs_admin`.`sys_menu_button`(`id`, `menu_id`, `button_code`, `button_title`, `url`, `method`, `is_deleted`, `description`, `create_time`, `create_user_id`, `create_user_name`, `update_time`, `update_user_id`, `update_user_name`, `tenant_id`) VALUES (34, '01549dbf3c6542b99c7559f5d2883bdc', 'delMenuButton', '删除菜单按钮', '/api/admin/sysMenuButtons/*', 'DELETE', 0, NULL, '2020-01-03 03:36:26', '1', '超级管理员', '2020-01-03 03:36:26', '1', '超级管理员', NULL);
INSERT INTO `cs_admin`.`sys_menu_button`(`id`, `menu_id`, `button_code`, `button_title`, `url`, `method`, `is_deleted`, `description`, `create_time`, `create_user_id`, `create_user_name`, `update_time`, `update_user_id`, `update_user_name`, `tenant_id`) VALUES (36, '01549dbf3c6542b99c7559f5d2883bdc', 'getMenuButton', '查询菜单按钮', '/api/admin/sysMenuButtons/*', 'GET', 0, NULL, '2020-01-03 03:44:53', '1', '超级管理员', '2020-01-03 03:44:53', '1', '超级管理员', NULL);
INSERT INTO `cs_admin`.`sys_menu_button`(`id`, `menu_id`, `button_code`, `button_title`, `url`, `method`, `is_deleted`, `description`, `create_time`, `create_user_id`, `create_user_name`, `update_time`, `update_user_id`, `update_user_name`, `tenant_id`) VALUES (37, 'a789477a626041bd86aecbd2ae995d16', 'dictTypeTree', '字典类型树', '/api/admin/sysDictTypes/tree', 'GET', 0, NULL, '2020-01-03 03:47:01', '1', '超级管理员', '2020-01-03 03:47:01', '1', '超级管理员', NULL);
INSERT INTO `cs_admin`.`sys_menu_button`(`id`, `menu_id`, `button_code`, `button_title`, `url`, `method`, `is_deleted`, `description`, `create_time`, `create_user_id`, `create_user_name`, `update_time`, `update_user_id`, `update_user_name`, `tenant_id`) VALUES (38, 'a789477a626041bd86aecbd2ae995d16', 'getDictType', '查询字段类型', '/api/admin/sysDictTypes/*', 'GET', 0, NULL, '2020-01-03 03:48:54', '1', '超级管理员', '2020-01-03 03:48:54', '1', '超级管理员', NULL);
INSERT INTO `cs_admin`.`sys_menu_button`(`id`, `menu_id`, `button_code`, `button_title`, `url`, `method`, `is_deleted`, `description`, `create_time`, `create_user_id`, `create_user_name`, `update_time`, `update_user_id`, `update_user_name`, `tenant_id`) VALUES (39, 'a789477a626041bd86aecbd2ae995d16', 'addDictType', '添加字典类型', '/api/admin/sysDictTypes', 'POST', 0, NULL, '2020-01-03 03:49:19', '1', '超级管理员', '2020-01-03 03:49:19', '1', '超级管理员', NULL);
INSERT INTO `cs_admin`.`sys_menu_button`(`id`, `menu_id`, `button_code`, `button_title`, `url`, `method`, `is_deleted`, `description`, `create_time`, `create_user_id`, `create_user_name`, `update_time`, `update_user_id`, `update_user_name`, `tenant_id`) VALUES (40, 'a789477a626041bd86aecbd2ae995d16', 'upDictType', '更新字典类型', '/api/admin/sysDictTypes/*', 'PUT', 0, NULL, '2020-01-03 03:49:57', '1', '超级管理员', '2020-01-03 03:49:57', '1', '超级管理员', NULL);
INSERT INTO `cs_admin`.`sys_menu_button`(`id`, `menu_id`, `button_code`, `button_title`, `url`, `method`, `is_deleted`, `description`, `create_time`, `create_user_id`, `create_user_name`, `update_time`, `update_user_id`, `update_user_name`, `tenant_id`) VALUES (41, 'a789477a626041bd86aecbd2ae995d16', 'delDictType', '删除字典类型', '/api/admin/sysDictTypes/*', 'DELETE', 0, NULL, '2020-01-03 03:50:14', '1', '超级管理员', '2020-01-03 03:50:14', '1', '超级管理员', NULL);
INSERT INTO `cs_admin`.`sys_menu_button`(`id`, `menu_id`, `button_code`, `button_title`, `url`, `method`, `is_deleted`, `description`, `create_time`, `create_user_id`, `create_user_name`, `update_time`, `update_user_id`, `update_user_name`, `tenant_id`) VALUES (42, 'a789477a626041bd86aecbd2ae995d16', 'getDictValue', '查询字典值', '/api/admin/sysDictValues/**', 'GET', 0, NULL, '2020-01-03 05:34:46', '1', '超级管理员', '2020-01-03 06:24:49', '1', '超级管理员', NULL);
INSERT INTO `cs_admin`.`sys_menu_button`(`id`, `menu_id`, `button_code`, `button_title`, `url`, `method`, `is_deleted`, `description`, `create_time`, `create_user_id`, `create_user_name`, `update_time`, `update_user_id`, `update_user_name`, `tenant_id`) VALUES (43, 'a789477a626041bd86aecbd2ae995d16', 'delDictValue', '删除字典值', '/api/admin/sysDictValues/*', 'DELETE', 0, NULL, '2020-01-03 06:21:23', '1', '超级管理员', '2020-01-03 06:21:23', '1', '超级管理员', NULL);
INSERT INTO `cs_admin`.`sys_menu_button`(`id`, `menu_id`, `button_code`, `button_title`, `url`, `method`, `is_deleted`, `description`, `create_time`, `create_user_id`, `create_user_name`, `update_time`, `update_user_id`, `update_user_name`, `tenant_id`) VALUES (44, 'a789477a626041bd86aecbd2ae995d16', 'addDictValue', '添加字典值', '/api/admin/sysDictValues', 'POST', 0, NULL, '2020-01-03 06:22:15', '1', '超级管理员', '2020-01-03 06:22:15', '1', '超级管理员', NULL);
INSERT INTO `cs_admin`.`sys_menu_button`(`id`, `menu_id`, `button_code`, `button_title`, `url`, `method`, `is_deleted`, `description`, `create_time`, `create_user_id`, `create_user_name`, `update_time`, `update_user_id`, `update_user_name`, `tenant_id`) VALUES (45, 'a789477a626041bd86aecbd2ae995d16', 'upDictValue', '更新字典值', '/api/admin/sysDictValues/*', 'PUT', 0, NULL, '2020-01-03 06:22:44', '1', '超级管理员', '2020-01-03 06:22:44', '1', '超级管理员', NULL);
INSERT INTO `cs_admin`.`sys_menu_button`(`id`, `menu_id`, `button_code`, `button_title`, `url`, `method`, `is_deleted`, `description`, `create_time`, `create_user_id`, `create_user_name`, `update_time`, `update_user_id`, `update_user_name`, `tenant_id`) VALUES (46, '49992d462a004f6d95d53a6e95fa6071', 'addRole', '添加角色', '/api/admin/sysRoles', 'POST', 0, NULL, '2020-01-03 06:32:52', '1', '超级管理员', '2020-01-03 06:32:52', '1', '超级管理员', NULL);
INSERT INTO `cs_admin`.`sys_menu_button`(`id`, `menu_id`, `button_code`, `button_title`, `url`, `method`, `is_deleted`, `description`, `create_time`, `create_user_id`, `create_user_name`, `update_time`, `update_user_id`, `update_user_name`, `tenant_id`) VALUES (47, '49992d462a004f6d95d53a6e95fa6071', 'getRole', '查询角色', '/api/admin/sysRoles/*', 'GET', 0, NULL, '2020-01-03 06:33:23', '1', '超级管理员', '2020-01-03 06:33:23', '1', '超级管理员', NULL);
INSERT INTO `cs_admin`.`sys_menu_button`(`id`, `menu_id`, `button_code`, `button_title`, `url`, `method`, `is_deleted`, `description`, `create_time`, `create_user_id`, `create_user_name`, `update_time`, `update_user_id`, `update_user_name`, `tenant_id`) VALUES (48, '49992d462a004f6d95d53a6e95fa6071', 'delRole', '删除角色', '/api/admin/sysRoles/*', 'DELETE', 0, NULL, '2020-01-03 06:33:42', '1', '超级管理员', '2020-01-03 06:33:42', '1', '超级管理员', NULL);
INSERT INTO `cs_admin`.`sys_menu_button`(`id`, `menu_id`, `button_code`, `button_title`, `url`, `method`, `is_deleted`, `description`, `create_time`, `create_user_id`, `create_user_name`, `update_time`, `update_user_id`, `update_user_name`, `tenant_id`) VALUES (49, '49992d462a004f6d95d53a6e95fa6071', 'upRole', '更新角色', '/api/admin/sysRoles/*', 'PUT', 0, NULL, '2020-01-03 06:34:05', '1', '超级管理员', '2020-01-03 06:34:05', '1', '超级管理员', NULL);
INSERT INTO `cs_admin`.`sys_menu_button`(`id`, `menu_id`, `button_code`, `button_title`, `url`, `method`, `is_deleted`, `description`, `create_time`, `create_user_id`, `create_user_name`, `update_time`, `update_user_id`, `update_user_name`, `tenant_id`) VALUES (50, '49992d462a004f6d95d53a6e95fa6071', 'getRoleMenuAuth', '查询授权菜单', '/api/admin/sysRoleAuthorizations/roleCode/*/menus', 'GET', 0, '查询授权菜单列表', '2020-01-03 06:37:04', '1', '超级管理员', '2020-01-03 06:42:28', '1', '超级管理员', NULL);
INSERT INTO `cs_admin`.`sys_menu_button`(`id`, `menu_id`, `button_code`, `button_title`, `url`, `method`, `is_deleted`, `description`, `create_time`, `create_user_id`, `create_user_name`, `update_time`, `update_user_id`, `update_user_name`, `tenant_id`) VALUES (51, '49992d462a004f6d95d53a6e95fa6071', 'getRoleButtonAuth', '查询授权按钮', '/api/admin/sysRoleAuthorizations/*/resourceType/*', 'GET', 0, '查询授权按钮列表', '2020-01-03 06:40:40', '1', '超级管理员', '2020-01-03 06:42:19', '1', '超级管理员', NULL);
INSERT INTO `cs_admin`.`sys_menu_button`(`id`, `menu_id`, `button_code`, `button_title`, `url`, `method`, `is_deleted`, `description`, `create_time`, `create_user_id`, `create_user_name`, `update_time`, `update_user_id`, `update_user_name`, `tenant_id`) VALUES (52, '49992d462a004f6d95d53a6e95fa6071', 'addRoleAuth', '授权角色权限', '/api/admin/sysRoleAuthorizations/*', 'POST', 0, '添加角色权限：按钮权限、菜单权限', '2020-01-03 06:43:19', '1', '超级管理员', '2020-01-03 06:48:27', '1', '超级管理员', NULL);
INSERT INTO `cs_admin`.`sys_menu_button`(`id`, `menu_id`, `button_code`, `button_title`, `url`, `method`, `is_deleted`, `description`, `create_time`, `create_user_id`, `create_user_name`, `update_time`, `update_user_id`, `update_user_name`, `tenant_id`) VALUES (53, 'aeae8c48610543cbb3351797c9bdd1c4', 'tenants', '租户列表', '/api/admin/sysTenants*', 'GET', 0, NULL, '2020-01-03 06:53:22', '1', '超级管理员', '2020-01-03 06:53:22', '1', '超级管理员', NULL);
INSERT INTO `cs_admin`.`sys_menu_button`(`id`, `menu_id`, `button_code`, `button_title`, `url`, `method`, `is_deleted`, `description`, `create_time`, `create_user_id`, `create_user_name`, `update_time`, `update_user_id`, `update_user_name`, `tenant_id`) VALUES (54, 'aeae8c48610543cbb3351797c9bdd1c4', 'getTenant', '查询租户', '/api/admin/sysTenants/*', 'GET', 0, NULL, '2020-01-03 06:54:25', '1', '超级管理员', '2020-01-03 06:54:25', '1', '超级管理员', NULL);
INSERT INTO `cs_admin`.`sys_menu_button`(`id`, `menu_id`, `button_code`, `button_title`, `url`, `method`, `is_deleted`, `description`, `create_time`, `create_user_id`, `create_user_name`, `update_time`, `update_user_id`, `update_user_name`, `tenant_id`) VALUES (55, 'aeae8c48610543cbb3351797c9bdd1c4', 'addTenant', '添加租户', '/api/admin/sysTenants', 'POST', 0, NULL, '2020-01-03 06:54:48', '1', '超级管理员', '2020-01-03 06:54:48', '1', '超级管理员', NULL);
INSERT INTO `cs_admin`.`sys_menu_button`(`id`, `menu_id`, `button_code`, `button_title`, `url`, `method`, `is_deleted`, `description`, `create_time`, `create_user_id`, `create_user_name`, `update_time`, `update_user_id`, `update_user_name`, `tenant_id`) VALUES (56, 'aeae8c48610543cbb3351797c9bdd1c4', 'delTenant', '删除租户', '/api/admin/sysTenants/*', 'DELETE', 0, NULL, '2020-01-03 06:55:14', '1', '超级管理员', '2020-01-03 06:55:14', '1', '超级管理员', NULL);
INSERT INTO `cs_admin`.`sys_menu_button`(`id`, `menu_id`, `button_code`, `button_title`, `url`, `method`, `is_deleted`, `description`, `create_time`, `create_user_id`, `create_user_name`, `update_time`, `update_user_id`, `update_user_name`, `tenant_id`) VALUES (57, 'aeae8c48610543cbb3351797c9bdd1c4', 'upTenant', '更新租户', '/api/admin/sysTenants/*', 'PUT', 0, NULL, '2020-01-03 06:55:30', '1', '超级管理员', '2020-01-03 06:55:30', '1', '超级管理员', NULL);
INSERT INTO `cs_admin`.`sys_menu_button`(`id`, `menu_id`, `button_code`, `button_title`, `url`, `method`, `is_deleted`, `description`, `create_time`, `create_user_id`, `create_user_name`, `update_time`, `update_user_id`, `update_user_name`, `tenant_id`) VALUES (59, '82a6424711d844599a8738ce13e4111c', 'addDictionaryValue', '添加字典值', '/api/admin/sysDictValues', 'POST', 0, 'addDictionaryValue', '2020-06-15 21:45:13', '1', 'admin', '2020-06-15 21:45:13', '1', 'admin', NULL);
INSERT INTO `cs_admin`.`sys_menu_button`(`id`, `menu_id`, `button_code`, `button_title`, `url`, `method`, `is_deleted`, `description`, `create_time`, `create_user_id`, `create_user_name`, `update_time`, `update_user_id`, `update_user_name`, `tenant_id`) VALUES (60, 'bc7dd3fa1c3544378dea0bfd089d839e', 'getUserRoleButton', '查询用户角色', '/api/admin/baseUsers/*/role', 'GET', 0, '查询用户角色', '2020-06-18 03:01:19', '1', 'admin', '2020-06-18 03:01:19', '1', 'admin', NULL);
INSERT INTO `cs_admin`.`sys_menu_button`(`id`, `menu_id`, `button_code`, `button_title`, `url`, `method`, `is_deleted`, `description`, `create_time`, `create_user_id`, `create_user_name`, `update_time`, `update_user_id`, `update_user_name`, `tenant_id`) VALUES (61, 'bc7dd3fa1c3544378dea0bfd089d839e', 'upUserRoleButton', '更新角色', '/api/admin/baseUsers/*/role', 'PUT', 0, '更新角色', '2020-06-18 03:02:27', '1', 'admin', '2020-06-18 03:02:27', '1', 'admin', NULL);
INSERT INTO `cs_admin`.`sys_menu_button`(`id`, `menu_id`, `button_code`, `button_title`, `url`, `method`, `is_deleted`, `description`, `create_time`, `create_user_id`, `create_user_name`, `update_time`, `update_user_id`, `update_user_name`, `tenant_id`) VALUES (62, 'bc7dd3fa1c3544378dea0bfd089d839e', 'baseUserPermissionButton', '用户权限', '/api/admin/baseUsers/permission', 'GET', 0, '用户权限', '2020-06-18 03:02:52', '1', 'admin', '2020-06-18 03:02:52', '1', 'admin', NULL);
INSERT INTO `cs_admin`.`sys_menu_button`(`id`, `menu_id`, `button_code`, `button_title`, `url`, `method`, `is_deleted`, `description`, `create_time`, `create_user_id`, `create_user_name`, `update_time`, `update_user_id`, `update_user_name`, `tenant_id`) VALUES (63, 'bc7dd3fa1c3544378dea0bfd089d839e', 'baseUserInfoButton', '用户基本信息', '/api/admin/baseUsers/info', 'GET', 0, '用户基本信息', '2020-06-18 03:03:18', '1', 'admin', '2020-06-18 03:03:18', '1', 'admin', NULL);
INSERT INTO `cs_admin`.`sys_menu_button`(`id`, `menu_id`, `button_code`, `button_title`, `url`, `method`, `is_deleted`, `description`, `create_time`, `create_user_id`, `create_user_name`, `update_time`, `update_user_id`, `update_user_name`, `tenant_id`) VALUES (64, 'bc7dd3fa1c3544378dea0bfd089d839e', 'getUserButton', '查询用户', '/api/admin/baseUsers/*', 'GET', 0, '查询用户', '2020-06-18 03:04:46', '1', 'admin', '2020-06-18 03:04:46', '1', 'admin', NULL);
INSERT INTO `cs_admin`.`sys_menu_button`(`id`, `menu_id`, `button_code`, `button_title`, `url`, `method`, `is_deleted`, `description`, `create_time`, `create_user_id`, `create_user_name`, `update_time`, `update_user_id`, `update_user_name`, `tenant_id`) VALUES (65, 'bc7dd3fa1c3544378dea0bfd089d839e', 'userListButton', '用户列表', '/api/admin/baseUsers*', 'GET', 0, '用户列表', '2020-06-18 03:05:20', '1', 'admin', '2020-06-18 03:05:20', '1', 'admin', NULL);
INSERT INTO `cs_admin`.`sys_menu_button`(`id`, `menu_id`, `button_code`, `button_title`, `url`, `method`, `is_deleted`, `description`, `create_time`, `create_user_id`, `create_user_name`, `update_time`, `update_user_id`, `update_user_name`, `tenant_id`) VALUES (66, 'bc7dd3fa1c3544378dea0bfd089d839e', 'upUserButton', '更新用户', '/api/admin/baseUsers/*', 'PUT', 0, '更新用户', '2020-06-18 03:05:44', '1', 'admin', '2020-06-18 03:05:44', '1', 'admin', NULL);
INSERT INTO `cs_admin`.`sys_menu_button`(`id`, `menu_id`, `button_code`, `button_title`, `url`, `method`, `is_deleted`, `description`, `create_time`, `create_user_id`, `create_user_name`, `update_time`, `update_user_id`, `update_user_name`, `tenant_id`) VALUES (67, 'bc7dd3fa1c3544378dea0bfd089d839e', 'delUserButton', '删除用户', '/api/admin/baseUsers/*', 'DELETE', 0, '删除用户', '2020-06-18 03:06:07', '1', 'admin', '2020-06-18 03:06:07', '1', 'admin', NULL);
INSERT INTO `cs_admin`.`sys_menu_button`(`id`, `menu_id`, `button_code`, `button_title`, `url`, `method`, `is_deleted`, `description`, `create_time`, `create_user_id`, `create_user_name`, `update_time`, `update_user_id`, `update_user_name`, `tenant_id`) VALUES (68, 'bc7dd3fa1c3544378dea0bfd089d839e', 'addUserButton', '添加用户', '/api/admin/baseUsers', 'POST', 0, '添加用户', '2020-06-18 03:06:32', '1', 'admin', '2020-06-18 03:06:32', '1', 'admin', NULL);
INSERT INTO `cs_admin`.`sys_menu_button`(`id`, `menu_id`, `button_code`, `button_title`, `url`, `method`, `is_deleted`, `description`, `create_time`, `create_user_id`, `create_user_name`, `update_time`, `update_user_id`, `update_user_name`, `tenant_id`) VALUES (69, '96e6a01477da4e57bda8577de0593d5a', 'upDictValueButton', '更新字典值', '/api/admin/sysDictValues/*', 'PUT', 0, '更新字典值', '2020-06-18 03:12:35', '1', 'admin', '2020-06-18 03:12:35', '1', 'admin', NULL);
INSERT INTO `cs_admin`.`sys_menu_button`(`id`, `menu_id`, `button_code`, `button_title`, `url`, `method`, `is_deleted`, `description`, `create_time`, `create_user_id`, `create_user_name`, `update_time`, `update_user_id`, `update_user_name`, `tenant_id`) VALUES (70, '96e6a01477da4e57bda8577de0593d5a', 'addDictValueButton', '添加字典值', '/api/admin/sysDictValues', 'POST', 0, '添加字典值', '2020-06-17 14:13:09', '1', 'admin', '2020-06-18 03:13:34', '1', 'admin', NULL);
INSERT INTO `cs_admin`.`sys_menu_button`(`id`, `menu_id`, `button_code`, `button_title`, `url`, `method`, `is_deleted`, `description`, `create_time`, `create_user_id`, `create_user_name`, `update_time`, `update_user_id`, `update_user_name`, `tenant_id`) VALUES (71, '96e6a01477da4e57bda8577de0593d5a', 'delDictValueButton', '删除字典值', '/api/admin/sysDictValues/*', 'DELETE', 0, '删除字典值', '2020-06-18 03:13:29', '1', 'admin', '2020-06-18 03:13:29', '1', 'admin', NULL);
INSERT INTO `cs_admin`.`sys_menu_button`(`id`, `menu_id`, `button_code`, `button_title`, `url`, `method`, `is_deleted`, `description`, `create_time`, `create_user_id`, `create_user_name`, `update_time`, `update_user_id`, `update_user_name`, `tenant_id`) VALUES (72, '96e6a01477da4e57bda8577de0593d5a', 'getDictValueButton', '查询字典值', '/api/admin/sysDictValues/**', 'GET', 0, '查询字典值', '2020-06-18 03:13:55', '1', 'admin', '2020-06-18 03:13:55', '1', 'admin', NULL);
INSERT INTO `cs_admin`.`sys_menu_button`(`id`, `menu_id`, `button_code`, `button_title`, `url`, `method`, `is_deleted`, `description`, `create_time`, `create_user_id`, `create_user_name`, `update_time`, `update_user_id`, `update_user_name`, `tenant_id`) VALUES (73, '96e6a01477da4e57bda8577de0593d5a', 'delDictTypeButton', '删除字典类型', '/api/admin/sysDictTypes/*', 'DELETE', 0, '删除字典类型', '2020-06-18 03:14:15', '1', 'admin', '2020-06-18 03:14:15', '1', 'admin', NULL);
INSERT INTO `cs_admin`.`sys_menu_button`(`id`, `menu_id`, `button_code`, `button_title`, `url`, `method`, `is_deleted`, `description`, `create_time`, `create_user_id`, `create_user_name`, `update_time`, `update_user_id`, `update_user_name`, `tenant_id`) VALUES (74, '96e6a01477da4e57bda8577de0593d5a', 'upDictTypeButton', '更新字典类型', '/api/admin/sysDictTypes/*', 'PUT', 0, '更新字典类型', '2020-06-18 03:15:01', '1', 'admin', '2020-06-18 03:15:01', '1', 'admin', NULL);
INSERT INTO `cs_admin`.`sys_menu_button`(`id`, `menu_id`, `button_code`, `button_title`, `url`, `method`, `is_deleted`, `description`, `create_time`, `create_user_id`, `create_user_name`, `update_time`, `update_user_id`, `update_user_name`, `tenant_id`) VALUES (75, '96e6a01477da4e57bda8577de0593d5a', 'addDictTypeButton', '添加字典类型', '/api/admin/sysDictTypes', 'POST', 0, '添加字典类型', '2020-06-18 03:15:25', '1', 'admin', '2020-06-18 03:15:25', '1', 'admin', NULL);
INSERT INTO `cs_admin`.`sys_menu_button`(`id`, `menu_id`, `button_code`, `button_title`, `url`, `method`, `is_deleted`, `description`, `create_time`, `create_user_id`, `create_user_name`, `update_time`, `update_user_id`, `update_user_name`, `tenant_id`) VALUES (76, '96e6a01477da4e57bda8577de0593d5a', 'getDictTypeButton', '查询字段类型', '/api/admin/sysDictTypes/*', 'GET', 0, '查询字段类型', '2020-06-18 03:15:44', '1', 'admin', '2020-06-18 03:15:44', '1', 'admin', NULL);
INSERT INTO `cs_admin`.`sys_menu_button`(`id`, `menu_id`, `button_code`, `button_title`, `url`, `method`, `is_deleted`, `description`, `create_time`, `create_user_id`, `create_user_name`, `update_time`, `update_user_id`, `update_user_name`, `tenant_id`) VALUES (77, '96e6a01477da4e57bda8577de0593d5a', 'dictTypeTreeButton', '字典类型树', '/api/admin/sysDictTypes/tree', 'GET', 0, '字典类型树', '2020-06-18 03:16:10', '1', 'admin', '2020-06-18 03:16:10', '1', 'admin', NULL);
